run,iteration,fitness_max,fitness_min,fitness_median,fitness_mean,fitness_std,sure_count
1,0,9.101276532419433e-08,1.1448595849117282e-08,3.283753002847334e-08,3.619710042812585e-08,2.0719838289551262e-08,0
1,1,1.0679384843115258e-07,1.9140868445788328e-08,4.995857239009638e-08,5.660550428387978e-08,2.0599667749365835e-08,0
1,2,1.4111795110238745e-07,4.48447856626899e-08,7.545540370301751e-08,7.657906309077589e-08,2.5118067625840013e-08,0
1,3,2.1169807951082475e-07,4.502916439719229e-08,1.0110688464237683e-07,1.1068504335298712e-07,4.767307260067355e-08,0
1,4,3.2063860544440104e-07,5.083129295258004e-08,1.4752684762697754e-07,1.6408135650181066e-07,5.358883470307774e-08,0
1,5,3.583715511012997e-07,9.580175941437119e-08,1.4735071829363733e-07,1.8112481825482973e-07,7.727113882083358e-08,0
1,6,6.94490154273808e-07,2.927168907262967e-08,2.0748491635913524e-07,2.235320550880715e-07,1.4309270568446664e-07,0
1,7,1.6090436929516727e-06,8.470674828231495e-08,2.9982254545757314e-07,4.2299058122807764e-07,3.342990169130644e-07,0
1,8,1.6090821191028226e-06,1.2139749117068277e-07,5.294882043926918e-07,6.804237955293502e-07,3.989901529166673e-07,0
1,9,2.483691559973522e-06,1.1044273406923821e-07,8.928329293667048e-07,9.843315638136119e-07,5.767596462646907e-07,0
1,10,2.5542849471094087e-06,9.10499409201293e-08,8.95302719072788e-07,1.0705302884161938e-06,7.131086476874771e-07,0
1,11,3.7794929994561244e-06,1.0787961457481288e-07,1.5326110087698908e-06,1.4476405567620532e-06,8.196589078579564e-07,0
1,12,4.034047833556542e-06,2.0392677413383353e-07,1.3890253285353538e-06,1.6240435343206627e-06,9.924506230163388e-07,0
1,13,5.652329036820447e-06,6.621004189355517e-08,1.863147872427362e-06,1.9558417534426553e-06,1.3250026995592634e-06,0
1,14,5.652329036820447e-06,2.661076905496884e-07,2.4811754428810673e-06,2.4961107101262314e-06,1.5434559372806689e-06,0
1,15,6.248514182516374e-06,1.1343645667238889e-07,2.9380087198660476e-06,2.986830168083543e-06,2.0006530121463584e-06,0
1,16,6.4972809923347086e-06,2.756468404641055e-07,2.91248875328165e-06,2.893659484470845e-06,1.928383881022455e-06,0
1,17,7.43339660402853e-06,8.949196228513756e-08,2.718401901802281e-06,3.11032590616378e-06,2.468078719175537e-06,0
1,18,9.78281423158478e-06,2.623715431582241e-07,2.3238076209963765e-06,3.3619330679357518e-06,2.843115908035543e-06,0
1,19,9.783047062228434e-06,2.8809199648094364e-07,3.7216816508589545e-06,4.271662419341737e-06,3.405383040444576e-06,0
1,20,1.4046128853806295e-05,1.2367820545478025e-07,4.979862751497421e-06,5.521178536582738e-06,3.6632986848417204e-06,0
1,21,1.748352042341139e-05,4.6473675752167765e-07,6.254432719288161e-06,6.781695901736384e-06,4.692834863817552e-06,0
1,22,1.7481752365711145e-05,9.411522228219837e-07,7.758733772789128e-06,8.120265192701481e-06,5.224880624155048e-06,0
1,23,1.8029057173407637e-05,3.7181854395385017e-07,5.160284217708977e-06,7.132541668397607e-06,5.751020125899231e-06,0
1,24,1.99313089979114e-05,3.6416454918253294e-07,3.3620453905314207e-06,7.1399144871975295e-06,6.8620015554188285e-06,0
1,25,2.1129229935468175e-05,2.0546298173940158e-07,3.981753707194002e-06,8.460292519885115e-06,7.967763849592302e-06,0
1,26,2.1128927983227186e-05,3.082963075939915e-07,6.915481208125129e-06,7.807162546669133e-06,6.600639608222991e-06,0
1,27,2.1129229935468175e-05,2.4543251697650703e-07,7.135967734939186e-06,7.814885066181887e-06,5.836385298607638e-06,0
1,28,2.1129229935468175e-05,4.806616971109179e-07,4.362683284853119e-06,6.539889454870718e-06,5.8748546507558785e-06,0
1,29,2.6368245016783476e-05,3.6290435900809825e-07,7.166054729168536e-06,8.330212040164042e-06,6.938069873285713e-06,0
1,30,2.6368998078396544e-05,4.4545771515913657e-07,7.565305168100167e-06,1.022186188492924e-05,8.690071808814537e-06,0
1,31,2.6368998078396544e-05,3.942593309602671e-07,8.015393177629448e-06,1.1014471056114417e-05,9.473490536038298e-06,0
1,32,4.239968620822765e-05,1.432471066209473e-07,4.1654207052488346e-06,9.296943062508944e-06,1.0737479897215962e-05,0
1,33,4.2402429244248196e-05,1.7874604907319736e-07,9.616186616767664e-06,1.314375640504295e-05,1.1973280379606877e-05,0
1,34,8.721975609660149e-05,5.405757974585867e-07,1.187104317068588e-05,1.6434907593065873e-05,1.7683320038486272e-05,0
1,35,8.721429185243323e-05,4.418369883296691e-07,1.213410996570019e-05,2.1618672690237872e-05,2.570515061961487e-05,0
1,36,8.721495396457613e-05,6.524701916532649e-07,8.90826322574867e-06,1.745457666402217e-05,2.2643213014816865e-05,0
1,37,8.721495396457613e-05,8.196558383133379e-07,1.4709811694046948e-05,2.711940396693535e-05,2.835171835613437e-05,0
1,38,8.721495396457613e-05,2.098574441333767e-06,3.503842162899673e-05,4.30764994234778e-05,2.8385682526277378e-05,0
1,39,8.721495396457613e-05,2.1652442683262052e-07,4.0298240492120385e-05,4.4993761548539624e-05,3.155644299113192e-05,0
1,40,9.436084656044841e-05,7.220258453344286e-07,1.898028676805552e-05,3.402458969503641e-05,3.129226388409734e-05,0
1,41,9.436111577088013e-05,3.640959107542585e-07,2.2329031708068214e-05,3.4718821552814916e-05,3.09872193611227e-05,0
1,42,0.00011624933540588245,6.237343086468172e-07,1.5091854947968386e-05,2.9499842639779672e-05,3.390003621461801e-05,0
1,43,0.00011626062769209966,1.7572914430274977e-06,2.153442255803384e-05,3.755988655029796e-05,3.49846959579736e-05,0
1,44,0.00011624933540588245,2.564564510976197e-06,4.714552778750658e-05,5.206079367781058e-05,3.5163080610800534e-05,0
1,45,0.00011624933540588245,8.487625535735788e-08,4.222285497235134e-05,5.126028918311931e-05,4.1089137084782124e-05,0
1,46,0.00012271320156287402,6.588281280528463e-07,6.457369454437867e-05,6.29066998953931e-05,4.481899304664694e-05,0
1,47,0.00012271075684111565,2.753739181571291e-06,6.038186984369531e-05,6.158173346193507e-05,3.952972110710107e-05,0
1,48,0.00012723130930680782,3.6114619206273346e-07,4.498962880461477e-05,5.4831809393363073e-05,4.3804040615214035e-05,0
1,49,0.00012723062536679208,8.974807315098587e-07,1.5516170606133528e-05,4.61495692434255e-05,4.4258256821194664e-05,0
1,50,0.00012722142855636775,3.033247594430577e-06,3.8090387533884495e-05,4.8884099669521675e-05,4.020597771159373e-05,0
1,51,0.00014186017506290227,7.629585070390021e-07,3.521921826177277e-05,4.935198012390174e-05,4.073672243976034e-05,0
1,52,0.00015068682841956615,8.340515478266752e-07,2.786812183330767e-05,4.5790144213242456e-05,4.5866949221817777e-05,0
1,53,0.00015068682841956615,9.366598874294141e-07,3.141913111903705e-05,4.860450644628145e-05,4.694858216680586e-05,0
1,54,0.00017689037485979497,7.570167781523196e-07,5.564903040067293e-05,6.912394019309431e-05,5.337650145520456e-05,0
1,55,0.0001769016234902665,1.187611928799015e-06,3.0487575713777915e-05,5.2643117669504136e-05,5.0436130550224334e-05,0
1,56,0.00018088392971549183,2.3962348905115505e-07,5.385128679336049e-05,6.282919639488682e-05,5.7835910411085933e-05,0
1,57,0.00023155566304922104,1.405275156685093e-06,3.7294241337804124e-05,6.221934745553881e-05,6.410860078176484e-05,0
1,58,0.00023155566304922104,3.1319430036091944e-06,3.516172000672668e-05,6.228801794350147e-05,6.800116534577683e-05,0
1,59,0.00023155566304922104,3.816925868704857e-07,4.1098930523730814e-05,6.347177259158343e-05,6.957513687666506e-05,0
1,60,0.00023155566304922104,2.434707084830734e-07,3.814992669504136e-05,6.499188748421147e-05,7.611577893840149e-05,0
1,61,0.00023155566304922104,1.4902943803463131e-06,3.636527981143445e-05,8.535052620572969e-05,8.923767018131912e-05,0
1,62,0.0002699373580981046,1.1959247103732196e-06,8.290957339340821e-05,0.00011196498235221952,9.53255221247673e-05,0
1,63,0.0002699655306059867,7.553230148005241e-07,3.319228926557116e-05,7.348863437073305e-05,8.37734987726435e-05,0
1,64,0.000269946176558733,2.8380884486978175e-07,3.4193031751783565e-05,7.870527770137414e-05,9.161709022009745e-05,0
1,65,0.000269977463176474,8.435997642664006e-07,4.008206815342419e-05,7.451935380231589e-05,8.427874854533002e-05,0
1,66,0.000269977463176474,6.103103373789054e-07,3.233658571843989e-05,7.365793135249987e-05,8.944587898440659e-05,0
1,67,0.00043640611693263054,7.033278279777733e-07,3.4202548704342917e-05,8.086937305051833e-05,0.00011028363951481879,0
1,68,0.00043643295066431165,2.6031764264189405e-06,5.708192111342214e-05,0.00010076146281789988,0.00010855327127501369,0
1,69,0.00043643295066431165,8.347102493644343e-07,2.235584361187648e-05,7.555870251962915e-05,0.0001261743891518563,0
1,70,0.00043643295066431165,6.437372235268413e-07,4.427061867318116e-05,9.080454765353352e-05,0.00012049028009641916,0
1,71,0.00044198057730682194,2.407591352948657e-07,6.576808664249256e-05,0.00012145075743319467,0.00014469181769527495,0
1,72,0.0004419889592099935,1.0047518799183308e-06,0.0001698134874459356,0.00016738282283768058,0.00014518393436446786,0
1,73,0.00044195257942192256,1.5313959238483221e-06,8.441762474831194e-05,0.0001585388381499797,0.0001523387763882056,0
1,74,0.0004419889592099935,4.895518941339105e-06,0.0001342162722721696,0.0001869619736680761,0.000159071059897542,0
1,75,0.00044195257942192256,4.09248002597451e-07,5.9809302911162376e-05,0.00013919576304033399,0.00015301984967663884,0
1,76,0.0004419889592099935,2.1182504497119226e-06,9.754365601111203e-05,0.00014336714230012149,0.0001409089018125087,0
1,77,0.00044195257942192256,2.666242608029279e-06,0.00010039162589237094,0.0001517973723821342,0.00013719005801249295,0
1,78,0.0004726451588794589,2.0736395356379944e-07,9.209796553477645e-05,0.00014102192653808743,0.00015528284711763263,0
1,79,0.0004726451588794589,6.706513886456378e-07,9.670072904555127e-05,0.0001578761002747342,0.00017415972251910716,0
1,80,0.0004726451588794589,7.563352824035974e-07,0.00011306706437608227,0.00016543421952519566,0.00014322948118206114,0
1,81,0.00047268072376027703,1.0925416518148268e-06,9.272866736864671e-05,0.00014555230154655874,0.00013743039744440466,0
1,82,0.0004726451588794589,5.056069767306326e-07,8.448370499536395e-05,0.0001349591912003234,0.00014593618107028306,0
1,83,0.0004726436163764447,3.803717447681265e-07,7.910787826403975e-05,0.00016738995327614248,0.00017853027384262532,0
1,84,0.0004726436163764447,1.133642285822134e-06,8.729949331609532e-05,0.00016510453133378178,0.00017442335956729949,0
1,85,0.0004726451588794589,9.329210683972633e-07,0.0001338440488325432,0.00015698107017669827,0.00015379584510810673,0
1,86,0.0004726451588794589,8.943734428612515e-07,5.983360460959375e-05,0.00013826688518747687,0.00015221584180835634,0
1,87,0.0004726451588794589,3.49761285178829e-06,6.729542656103149e-05,0.0001363543124170974,0.0001577214861754328,0
1,88,0.0005017101066187024,3.0399232855415903e-06,8.267232624348253e-05,0.00015648637781850994,0.00016915620653890073,0
1,89,0.0005017101066187024,6.81115238876373e-07,7.249249756569043e-05,0.0001577607326908037,0.0001602013362571597,0
1,90,0.0005016563809476793,3.735378584224236e-07,7.056895992718637e-05,0.00016767445777077228,0.00017079495592042804,0
1,91,0.0005387625424191356,3.689890490932157e-07,0.00010399627353763208,0.00017952141934074461,0.00017839620704762638,0
1,92,0.0005388043355196714,4.502304591369466e-07,4.6852324885549024e-05,0.00013113893510308117,0.00017354845476802438,0
1,93,0.0005387879209592938,1.1199331311217975e-06,7.550770533271134e-05,0.00014623616880271584,0.00015451907529495656,0
1,94,0.0005387625424191356,2.8354013466014294e-06,8.065556176006794e-05,0.000144953781273216,0.00016235787188634276,0
1,95,0.0005388043355196714,1.0223092203887063e-06,8.495217480231076e-05,0.00017394400492776185,0.0001782758190529421,0
1,96,0.0005387625424191356,1.1195111255801748e-06,8.571132639190182e-05,0.00015104730846360326,0.0001513970928499475,0
1,97,0.0005705319344997406,5.089854084872059e-07,5.0886927056126297e-05,0.0001557595533085987,0.00019456029986031353,0
1,98,0.0005705319344997406,1.8400719454803038e-06,8.437960786977783e-05,0.00018571112013887614,0.00021058524725958705,0
1,99,0.0005705319344997406,1.1276604254817357e-06,0.0001292040542466566,0.00019676070951391011,0.0001893714943435043,0
1,100,0.0006280295201577246,3.094703743045102e-06,0.00014182044833432883,0.00022608405561186373,0.0002141275763278827,0
1,101,0.0006280295201577246,3.1950273751135683e-06,5.651241372106597e-05,0.00015153201820794493,0.0001790826063370332,0
1,102,0.0006280000088736415,1.8871023712563328e-06,5.016139766667038e-05,0.0001586983271408826,0.0002031327021541074,0
1,103,0.0006280000088736415,2.1070641196274664e-06,4.882001303485595e-05,0.00011126844765385613,0.0001593161723576486,0
1,104,0.0006482856115326285,9.483055123382655e-07,0.0001187648595077917,0.0001991079334402457,0.00020585893071256578,0
1,105,0.0008159950375556946,1.3120104540575994e-06,0.00010225911682937294,0.00018371976329945028,0.00022356328554451466,0
1,106,0.0008160340948961675,5.437099162008963e-07,0.00015009667549747974,0.00021997388103045523,0.00022691448975820094,0
1,107,0.0008159950375556946,1.5413778555739555e-06,6.913473771419376e-05,0.00023979962861631066,0.00029118655947968364,0
1,108,0.0008160389261320233,1.1909866088899435e-06,0.00015530215750914067,0.00024084154574666172,0.00023409056302625686,0
1,109,0.0010256310924887657,1.109061031456804e-06,0.00012968320515938103,0.00029972061747685075,0.00031287880847230554,0
1,110,0.0010255929082632065,1.7232636082553654e-06,0.00011840365186799318,0.0002436878130538389,0.00029937102226540446,0
1,111,0.0010255929082632065,1.081811319636472e-06,0.0001453028671676293,0.0003240566875319928,0.00036896520759910345,0
1,112,0.0010255929082632065,1.1536320698724012e-06,0.00014387151168193668,0.0003738914674613625,0.0003882161108776927,0
1,113,0.0010260151466354728,1.5099276424734853e-06,0.00014250431559048593,0.0003515436837915331,0.00040872336830943823,0
1,114,0.0014595421962440014,2.464045110173174e-06,0.00019752905063796788,0.0003809407353401184,0.00043979939073324203,0
1,115,0.0014593807281926274,3.2380441439272545e-07,8.390860602958128e-05,0.00026793256984092295,0.0004075408505741507,0
1,116,0.0014595421962440014,1.1374362429705798e-06,0.00010609498713165522,0.0002979186538141221,0.000378648896003142,0
1,117,0.0014595421962440014,1.2820224810639047e-06,0.00015969935338944197,0.0003452737582847476,0.000422384066041559,0
1,118,0.0014594338135793805,1.3363666084842407e-06,6.755793583579361e-05,0.00035058255889452994,0.0005312859429977834,0
1,119,0.0014595421962440014,3.878966765569203e-07,0.0001492200535722077,0.00047188031021505594,0.0005416798521764576,0
1,120,0.0014594338135793805,1.288942826249695e-06,9.941222378984094e-05,0.0003307744627818465,0.00048106341273523867,0
1,121,0.0014594338135793805,1.1611687114054803e-06,0.00020327753736637533,0.0004202186537440866,0.0004987663123756647,0
1,122,0.0014594338135793805,1.471269570174627e-06,9.764658170752227e-05,0.00043072050902992487,0.0005425781710073352,0
1,123,0.0014595421962440014,4.806433366866258e-07,0.00013999718066770583,0.00031961905187927186,0.00044892707956023514,0
1,124,0.0014594466192647815,1.7470130160290864e-06,8.302876813104376e-05,0.0003465047338977456,0.00045040465192869306,0
1,125,0.0015801757108420134,5.055621841165703e-07,7.450308476109058e-05,0.0003445046895649284,0.0005196569836698472,0
1,126,0.0015802271664142609,6.462021701736376e-06,0.00021310393640305847,0.0003517896984703839,0.0004194271459709853,0
1,127,0.001616908353753388,4.311633290399186e-07,0.00012064850307069719,0.00032709326478652656,0.00047496758634224534,0
1,128,0.001616908353753388,2.1253886188787874e-06,0.00011304382496746257,0.0003439696447458118,0.0005100139533169568,0
1,129,0.0016167339636012912,1.0513327879380086e-06,8.634000550955534e-05,0.0003345330769661814,0.0004886041861027479,0
1,130,0.0016167339636012912,5.502454769157339e-06,0.00023996172240003943,0.0004201756091788411,0.0005159563152119517,0
1,131,0.0016167339636012912,6.407706791833334e-07,0.0001283975871047005,0.00036135734990239143,0.0004928105627186596,0
1,132,0.0016167339636012912,8.271155138572794e-07,0.00022054022701922804,0.00047788259689696133,0.0005221869796514511,0
1,133,0.0018293167231604457,7.896242664173769e-07,0.00022551737492904067,0.0005419343942776322,0.0006250277510844171,0
1,134,0.001829327899031341,2.865321562239842e-07,0.0002263817732455209,0.0004669703193940222,0.000591849151533097,0
1,135,0.0018293167231604457,1.8872719920182135e-06,0.00015791680198162794,0.0005364802782423794,0.0006198843475431204,0
1,136,0.0018293167231604457,4.432040441315621e-07,7.929203275125474e-05,0.00041358621092513204,0.0005733854486607015,0
1,137,0.003020649775862694,7.735750386927975e-07,0.00021481122530531138,0.0006673672469332814,0.0007919665658846498,0
1,138,0.00302068586461246,2.4357323127333075e-06,0.0006008757627569139,0.0007064729579724371,0.000711836910340935,0
1,139,0.003020649775862694,4.0089159369927074e-07,0.0001058287380146794,0.0004281875735614449,0.000725956168025732,0
1,140,0.00302068586461246,6.072952487556904e-07,7.041294156806543e-05,0.00037592340959236026,0.0006622252985835075,0
1,141,0.003020649775862694,7.389671168311907e-07,0.00014442059909924865,0.0005452241748571396,0.0008067975868470967,0
1,142,0.003020666306838393,4.4111352508480195e-06,0.00013143839896656573,0.0005562824080698192,0.0008065257570706308,0
1,143,0.0033279319759458303,9.189355409944255e-07,0.00015503492613788694,0.0005449125892482698,0.0008867591968737543,0
1,144,0.0033277629408985376,3.953990415084263e-07,5.133185186423361e-05,0.0005655675777234137,0.0009981258772313595,0
1,145,0.003328103804960847,2.4286987354571465e-06,0.00016987587150651962,0.0009130483376793563,0.0012533256085589528,0
1,146,0.003328103804960847,3.376720087544527e-06,0.00018210834241472185,0.0006563095957972109,0.0009523400804027915,0
1,147,0.003517270553857088,1.9244548354890867e-07,0.00030994630651548505,0.0008921294356696308,0.001143716392107308,0
1,148,0.003517275210469961,1.961521320481552e-06,0.0005317938048392534,0.0009936507558450103,0.0012127490481361747,0
1,149,0.004009021911770105,1.294260300710448e-06,0.000386240950319916,0.0011029649758711457,0.0012951160315424204,0
1,150,0.004008881747722626,1.2643465652217856e-06,9.358282113680616e-05,0.0008869366138242185,0.001433054101653397,0
1,151,0.004008881747722626,2.150620957763749e-06,0.00018757476937025785,0.000951888388954103,0.0013804021291434765,0
1,152,0.004196131136268377,2.1911710064159706e-06,0.0011939165415242314,0.0016019908944144845,0.0015994493151083589,0
1,153,0.004196403548121452,6.454207778006094e-06,0.0001987704890780151,0.0013284600572660565,0.0016491891583427787,0
1,154,0.004196002148091793,7.743810783722438e-07,0.00042360310908406973,0.0012897220440208912,0.0015723851975053549,0
1,155,0.004196403548121452,3.0863402571412735e-06,0.0007352494285441935,0.0013678577961400151,0.0014789404813200235,0
1,156,0.004196131136268377,1.4913551922290935e-06,0.0007041938370093703,0.0014628018252551556,0.001597408321686089,0
1,157,0.004542357753962278,7.535271606684546e-07,0.0011862999526783824,0.0016293086810037494,0.0015688118292018771,0
1,158,0.004542031325399876,8.102995820991055e-07,0.00019112099835183471,0.0008002124377526343,0.0012646294198930264,0
1,159,0.004542126785963774,3.239805721477751e-07,0.00017452696920372546,0.000852621509693563,0.0012793466448783875,0
1,160,0.004542031325399876,6.743601943526301e-07,0.00019289836927782744,0.0011153790401294827,0.0014677963918074965,0
1,161,0.004542073234915733,3.326137857584399e-06,0.00022522972722072154,0.0011771208373829722,0.0014922225382179022,0
1,162,0.004542073234915733,1.938021341629792e-06,7.84421426942572e-05,0.0009205833193846047,0.001452006632462144,0
1,163,0.004542031325399876,2.3325526399275986e-06,0.00017536722589284182,0.00117887940723449,0.001611845102161169,0
1,164,0.004542357753962278,1.6980778809738695e-06,0.00042207984370179474,0.0014850471634417772,0.0016870858380571008,0
1,165,0.004542126785963774,1.483735786678153e-06,0.00032224669121205807,0.001504323910921812,0.0018150581745430827,0
1,166,0.004542126785963774,1.7380654071530444e-06,0.00010315362305846065,0.0012498589931055903,0.0016400335589423776,0
1,167,0.004542173817753792,1.7085106662761973e-07,0.0008606103947386146,0.0016267438186332583,0.0017954770009964705,0
1,168,0.004542031325399876,7.497678211620951e-07,0.00046447067870758474,0.001193277188576758,0.0015428409678861499,0
1,169,0.004542357753962278,1.7306239215031383e-06,0.00022088398691266775,0.0011747587705031037,0.0015631839632987976,0
1,170,0.004542126785963774,2.560190750955371e-06,0.0001743090251693502,0.001287892577238381,0.001753401244059205,0
1,171,0.004542173817753792,3.055302613574895e-06,0.00030453421641141176,0.0012103506596758962,0.0016859369352459908,0
1,172,0.004542031325399876,5.607073489954928e-06,0.00047270560753531754,0.0012984767090529203,0.0017607624176889658,0
1,173,0.004542126785963774,1.0266645631418214e-06,0.00042527870391495526,0.0013006615918129683,0.0016242561396211386,0
1,174,0.004542126785963774,3.323092641949188e-06,5.591300578089431e-05,0.0006406778120435774,0.0012825650628656149,0
1,175,0.004542357753962278,9.927761084327358e-07,0.00010928482515737414,0.0007706467877142131,0.0014052707701921463,0
1,176,0.004542357753962278,1.0155628160646302e-06,7.831271068425849e-05,0.0010502728400751948,0.0016891594277694821,0
1,177,0.004542126785963774,6.906311114107666e-07,0.00028790399665012956,0.0014613262610509992,0.0018376164371147752,0
1,178,0.004542266950011253,2.5800811727094697e-06,0.0007666648016311228,0.0015693046152591705,0.001620083348825574,0
1,179,0.004542357753962278,1.3743531326326774e-06,0.0001448097755201161,0.000985705410130322,0.0014301618793979287,0
1,180,0.004542126785963774,1.0879132332775043e-06,0.00033197816810570657,0.0009273310424759984,0.0012881438015028834,0
1,181,0.004542031325399876,9.248621495316911e-07,0.00028340244898572564,0.0010952036827802658,0.0015474793035537004,0
1,182,0.004734003450721502,1.3980137509861379e-06,0.0003017903072759509,0.0012161785271018744,0.0016642294358462095,0
1,183,0.00473405746743083,1.0044852842838736e-06,0.00039156610728241503,0.0011769585544243455,0.0016272255452349782,0
1,184,0.00473405746743083,2.143669917131774e-06,0.000588495924603194,0.001496649463661015,0.0017595391254872084,0
1,185,0.004953011404722929,1.424839865649119e-06,0.0002684082428459078,0.0011469402816146612,0.001727059599943459,0
1,186,0.004953285679221153,7.739445209153928e-07,0.0001861773052951321,0.0009287589928135276,0.0015296019846573472,0
1,187,0.004953285679221153,4.869812983088195e-06,0.0007156107458285987,0.0016847680089995265,0.0019376348936930299,0
1,188,0.004953011404722929,2.193342197642778e-06,0.0003570987901184708,0.0012950096279382706,0.0018204363295808434,0
1,189,0.004953011404722929,5.587198756984435e-07,7.939390343381092e-05,0.0010158634977415204,0.0015884340973570943,0
1,190,0.004953285679221153,1.9368948755982274e-07,0.00011166818876517937,0.000889163464307785,0.00155695213470608,0
1,191,0.004953011404722929,2.583123830390832e-07,0.00013592117466032505,0.000827156996820122,0.001395289902575314,0
1,192,0.004953011404722929,4.14221085520694e-06,0.0001897067850222811,0.0009827163303270936,0.001571339089423418,0
1,193,0.004953332245349884,5.558686098083854e-06,0.0008880155510269105,0.0014138519763946533,0.0016503852093592286,0
1,194,0.004953257739543915,9.678757351139211e-07,0.00016739500279072672,0.0011979839764535427,0.001793012721464038,0
1,195,0.004953285679221153,8.658050774101866e-07,0.00013755520922131836,0.0008287240634672344,0.0013947759289294481,0
1,196,0.004953285679221153,1.6971822560662986e-06,0.0004512897285167128,0.0012441589497029781,0.0017346658278256655,0
1,197,0.004953011404722929,1.5052206663312973e-06,0.00017052183102350682,0.0009741596877574921,0.0015665327664464712,0
1,198,0.004953012801706791,1.7424947600375162e-06,0.0004964597173966467,0.001185262924991548,0.0015851081116124988,0
1,199,0.0059363460168242455,8.841131489134568e-07,0.0002759807393886149,0.0015678852796554565,0.001982883783057332,0
1,200,0.005936782341450453,3.0242899811128154e-06,0.0009738964727148414,0.0016238787211477757,0.001816685893572867,0
1,201,0.0059363460168242455,9.888226486509666e-07,0.0003572801942937076,0.0017580720596015453,0.001958622131496668,0
1,202,0.0059363460168242455,1.198338054564374e-06,0.0010606790892779827,0.0020145897287875414,0.0021245747338980436,0
1,203,0.005936393979936838,2.3055888505041366e-06,0.0006229538121260703,0.0018640193156898022,0.0023897304199635983,0
1,204,0.00593640236184001,5.303346597429481e-07,0.00017660821322351694,0.001116496161557734,0.0018564958591014147,0
1,205,0.0059363460168242455,1.4449663012783276e-06,0.0002835727937053889,0.0008529274491593242,0.001573485671542585,0
1,206,0.005936393979936838,1.225679170602234e-06,0.00032238929998129606,0.0013967329869046807,0.0021517134737223387,0
1,207,0.0059363460168242455,1.4664352647741907e-06,0.00021354133787099272,0.0007546984707005322,0.0015191722195595503,0
1,208,0.005936393979936838,2.498291678421083e-06,0.00017132263747043908,0.0010325309121981263,0.0018551303073763847,0
1,209,0.005936393979936838,2.5270476271543885e-06,0.0005014165653847158,0.001506022410467267,0.0019423760240897536,0
1,210,0.005936648230999708,6.484550567620317e-07,0.0009948817314580083,0.0020161152351647615,0.002252104226499796,0
1,211,0.005936393979936838,1.839386641222518e-06,0.0002933872165158391,0.0013959589414298534,0.0019076145254075527,0
1,212,0.0059363460168242455,1.204225327455788e-06,0.0005397127824835479,0.0017151437932625413,0.002058092039078474,0
1,213,0.0059363460168242455,4.6402433326875325e-06,0.0008829018916003406,0.001539077260531485,0.0017582596046850085,0
1,214,0.005936648230999708,2.0990908069506986e-06,0.0010853889398276806,0.0018787726294249296,0.0020337910391390324,0
1,215,0.0059363460168242455,1.7047502751665888e-06,0.0005731063429266214,0.001976035302504897,0.002448328072205186,0
1,216,0.005936782341450453,2.1472415028256364e-06,0.00016917684115469456,0.0014146867906674743,0.0021011929493397474,0
1,217,0.005936393979936838,3.6661651847680332e-06,0.0003126189112663269,0.0014908596640452743,0.001981416018679738,0
1,218,0.005936393979936838,2.7959724775428185e-06,0.00013373502588365227,0.0012018991401419044,0.0020157690159976482,0
1,219,0.00593640236184001,1.998599827857106e-06,0.000179905429831706,0.0012192893773317337,0.0018561355536803603,0
1,220,0.005936648230999708,2.0165946352790343e-06,0.0005903955898247659,0.001717849401757121,0.0020940550602972507,0
1,221,0.005936648230999708,3.9119211692195677e-07,0.00022855120187159628,0.0014275155263021588,0.0020758321043103933,0
1,222,0.0059363460168242455,4.204550350550562e-06,0.00040331773925572634,0.0016322911251336336,0.0021996432915329933,0
1,223,0.005936393979936838,2.138606873813842e-07,0.0008490681066177785,0.0018543362384662032,0.0020560231059789658,0
1,224,0.0059363460168242455,2.7380824576539453e-06,0.0008758853655308485,0.002339709550142288,0.0025033941492438316,0
1,225,0.00593640236184001,1.898136815725593e-06,0.000418343668570742,0.0015441556461155415,0.0020211434457451105,0
1,226,0.00593640236184001,4.25539553816634e-07,0.00011911798355868086,0.0011175733525305986,0.0019289302872493863,0
1,227,0.00593640236184001,1.0086341717396863e-06,0.00022784176690038294,0.0010764726903289557,0.001674434170126915,0
1,228,0.005936648230999708,2.2789809008827433e-06,0.00039044517325237393,0.0013253875076770782,0.0019978743512183428,0
1,229,0.005936393979936838,1.017331555885903e-06,0.00011182448361068964,0.0009929861407727003,0.001679076929576695,0
1,230,0.0059363460168242455,3.360453320055967e-07,0.00025305766030214727,0.0012613864382728934,0.0017651523230597377,0
1,231,0.005936393979936838,3.3122062177426415e-06,0.0008220539893954992,0.001629405771382153,0.0018534307600930333,0
1,232,0.005936393979936838,2.456984702803311e-06,0.0004136036732234061,0.0014846738195046782,0.002118328819051385,0
1,233,0.005936393979936838,9.92773948382819e-07,0.0001920830545714125,0.0020110339391976595,0.002388186054304242,0
1,234,0.005936393979936838,6.009773642290384e-06,0.00023170359781943262,0.0018042025621980429,0.0022274137008935213,0
1,235,0.0059363460168242455,1.873058067758393e-06,0.0003090984537266195,0.001578646362759173,0.0021903705783188343,0
1,236,0.005936782341450453,6.135017429187428e-06,0.0004018874024040997,0.0019646945875138044,0.002263517351821065,0
1,237,0.005936782341450453,3.3945843824767508e-06,0.0006324165151454508,0.0016791534144431353,0.0020443727262318134,0
1,238,0.0059363460168242455,1.9438598428678233e-06,0.0004262113361619413,0.0013477925676852465,0.002007519593462348,0
1,239,0.005936393979936838,1.5035436717880657e-06,0.00018794335483107716,0.0012859044363722205,0.0020358196925371885,0
1,240,0.0059363460168242455,3.5070033845840953e-06,0.00038200090057216585,0.0011927441228181124,0.001666108495555818,0
1,241,0.0059363460168242455,1.5261742873917683e-06,0.0005576428957283497,0.0012002565199509263,0.0016591157764196396,0
1,242,0.00593640236184001,3.1364997994387522e-06,0.0006656490731984377,0.001687756273895502,0.0021014169324189425,0
1,243,0.005936782341450453,6.255133939703228e-06,0.0013808447401970625,0.0020780565682798624,0.002156691625714302,0
1,244,0.0059363460168242455,5.748219791712472e-06,0.0006212368025444448,0.001622444367967546,0.002034489531069994,0
1,245,0.005936393979936838,1.1499345418997109e-05,0.0004997409996576607,0.0015282898675650358,0.001962394453585148,0
1,246,0.005936799570918083,4.351443294581259e-06,0.0005422348040156066,0.0010854308493435383,0.0016009897226467729,0
1,247,0.005936393979936838,1.8212633676739642e-06,8.892388723324984e-05,0.0008953092037700117,0.0016259339172393084,0
1,248,0.005936393979936838,1.2027619504806353e-06,0.0007925661047920585,0.0012957022991031408,0.0017895426135510206,0
1,249,0.005936393979936838,2.259222355860402e-07,0.0006778878159821033,0.0012499676086008549,0.0017909271409735084,0
1,250,0.0059363460168242455,4.324517703935271e-06,0.0003139502077829093,0.00104541948530823,0.0017720598261803389,0
1,251,0.005936648230999708,7.939134434309381e-07,0.0001750611700117588,0.0014357889303937554,0.0020644317846745253,0
1,252,0.00593640236184001,3.2008570087782573e-06,0.0005451667821034789,0.0021277773194015026,0.0023994401562958956,0
1,253,0.0059363460168242455,1.7510874386061914e-06,0.0004979358636774123,0.0016238575335592031,0.002044985769316554,0
1,254,0.0059363460168242455,1.1888000699400436e-06,0.0007182472618296742,0.0014989810297265649,0.0019246871815994382,0
1,255,0.005936799570918083,1.4608115179726155e-06,0.0002526697935536504,0.0013171236496418715,0.00201382115483284,0
1,256,0.005936393979936838,3.0095775400695857e-06,0.0005738566978834569,0.0015774259809404612,0.001977386884391308,0
1,257,0.0059363460168242455,5.2940235946152825e-06,0.0005594904650934041,0.0014982682187110186,0.001925218035466969,0
1,258,0.005936393979936838,1.5566222373308847e-06,0.000348572910297662,0.0013850482646375895,0.0018403957365080714,0
1,259,0.005936393979936838,2.9186464871600037e-06,0.0013361135497689247,0.0020716767758131027,0.0018772839102894068,0
1,260,0.005936782341450453,3.644486696430249e-06,0.0004050015995744616,0.0013840525643900037,0.0019406065111979842,0
1,261,0.0059363460168242455,1.343544226983795e-06,0.0002606922935228795,0.0015871856594458222,0.0021698041819036007,0
1,262,0.0059363460168242455,1.26438726510969e-06,0.00019153786706738174,0.0013580817030742764,0.0021961191669106483,0
1,263,0.005936782341450453,4.3115669541293755e-06,0.0001273906382266432,0.0011488612508401275,0.0020186840556561947,0
1,264,0.005936393979936838,1.6229892935371026e-05,0.00034943700302392244,0.0016461913473904133,0.0021977275609970093,0
1,265,0.0059363460168242455,2.058186282738461e-06,0.0010259582195430994,0.001749430550262332,0.0021284990943968296,0
1,266,0.005936782341450453,5.947962563368492e-06,0.0004154955386184156,0.001574198016896844,0.002088830340653658,0
1,267,0.0059363460168242455,1.2182914588265703e-06,0.00022457756858784705,0.0012952648103237152,0.0019115381874144077,0
1,268,0.005936648230999708,1.156364191956527e-06,0.0006663313251920044,0.0016082882648333907,0.002102791564539075,0
1,269,0.0059363460168242455,4.9467466851638164e-06,0.0005483287968672812,0.0016693254001438618,0.0022596169728785753,0
1,270,0.00593640236184001,3.211488547094632e-06,0.00012599445472005755,0.0010010822443291545,0.0017751350533217192,0
1,271,0.0059363460168242455,2.3640218387299683e-06,0.0002272638666909188,0.0009914592374116182,0.0016327311750501394,0
1,272,0.00593640236184001,1.8143257420888403e-06,0.00036823333357460797,0.0009272394236177206,0.0015547767980024219,0
1,273,0.0059363460168242455,1.1418472922741785e-06,0.00042326009133830667,0.0013395793503150344,0.0019424451747909188,0
1,274,0.0059363460168242455,7.879275472078007e-06,0.00037967186653986573,0.0012769494205713272,0.0018744352273643017,0
1,275,0.005936648230999708,8.780593248047808e-07,0.0006125450599938631,0.0013730418868362904,0.001768225571140647,0
1,276,0.005936393979936838,1.410173240401491e-06,0.00021663098596036434,0.000788944074884057,0.001539256889373064,0
1,277,0.00593640236184001,1.6911191096369294e-06,0.0002396926429355517,0.0012906616320833564,0.0018730080919340253,0
1,278,0.00593640236184001,2.0810939531656913e-06,0.0007096062181517482,0.0018949061632156372,0.0022189051378518343,0
